Title,Country,Year,Rating, Votes,Director,Genres,Runtime,Dashboard Link,Link,Plot Summary
Aspirants,India,"2,021",9.7,"289,276",-,Drama,45,Dashboard Link,IMDB Link,It is the story of the journey of three UPSC (public service competitive exams in India) aspirants and their friendship against all odds.
Dhindora,India,"2,021",9.6,"109,717",-,Comedy,25,Dashboard Link,IMDB Link,"It revolves around Bhuvan and his family's everyday lives, when an unexpected purchase leads to a series of events and depicts every common man's larger than life dreams."
Planet Earth II,United Kingdom,"2,016",9.5,"107,179",-,Documentary,298,Dashboard Link,IMDB Link,David Attenborough returns in this breathtaking documentary showcasing life on Planet Earth.
Scam 1992: The Harshad Mehta Story,India,"2,020",9.5,"134,387",-,"Biography,Crime,Drama",54,Dashboard Link,IMDB Link,"Set in 1980's and 90's Bombay, it follows the life of Harshad Mehta, a stockbroker who took the stock market to dizzying heights and his catastrophic downfall."
Planet Earth,United Kingdom,"2,006",9.4,"175,790",-,Documentary,538,Dashboard Link,IMDB Link,"Emmy Award-winning, 11 episodes, five years in the making, the most expensive nature documentary series ever commissioned by the BBC, and the first to be filmed in high definition."
Breaking Bad,United States,"2,008",9.4,"1,624,391",-,"Crime,Drama,Thriller",49,Dashboard Link,IMDB Link,A high school chemistry teacher diagnosed with inoperable lung cancer turns to manufacturing and selling methamphetamine in order to secure his family's future.
Chernobyl,United States,"2,019",9.4,"635,142",-,"Drama,History,Thriller",330,Dashboard Link,IMDB Link,"In April 1986, an explosion at the Chernobyl nuclear power plant in the Union of Soviet Socialist Republics becomes one of the world's worst man-made catastrophes."
Band of Brothers,United States,"2,001",9.4,"408,092",-,"Drama,History,War",594,Dashboard Link,IMDB Link,"The story of Easy Company of the U.S. Army 101st Airborne Division, and their mission in World War II Europe, from Operation Overlord, through V-J Day."
The Wire,United States,"2,002",9.3,"312,070",-,"Crime,Drama,Thriller",59,Dashboard Link,IMDB Link,"The Baltimore drug scene, as seen through the eyes of drug dealers and law enforcement."
Avatar: The Last Airbender,United States,"2,005",9.3,"280,163",-,"Action,Adventure,Animation",23,Dashboard Link,IMDB Link,"In a war-torn world of elemental magic, a young boy reawakens to undertake a dangerous mystic quest to fulfill his destiny as the Avatar, and bring peace to the world."
Cosmos: A Spacetime Odyssey,United States,"2,014",9.3,"116,854",-,Documentary,557,Dashboard Link,IMDB Link,An exploration of our discovery of the laws of nature and coordinates in space and time.
Game of Thrones,United States,"2,011",9.2,"1,917,673",-,"Action,Adventure,Drama",57,Dashboard Link,IMDB Link,"Nine noble families fight for control over the lands of Westeros, while an ancient enemy returns after being dormant for millennia."
Rick and Morty,United States,"2,013",9.2,"448,499",-,"Adventure,Animation,Comedy",23,Dashboard Link,IMDB Link,An animated series that follows the exploits of a super scientist and his not-so-bright grandson.
Kota Factory,India,"2,019",9.2,"64,605",-,"Comedy,Drama",45,Dashboard Link,IMDB Link,"Dedicated to Shrimati SL Loney ji, Shri Irodov ji and Maanniya HC Verma ji, 'Kota Factory' is TVF's latest original. India's first 'Black and White' show highlights the problems present day IIT-JEE aspirants face in their day-to-day lives."
Arcane,United States,"2,021",9.2,"112,120",-,"Action,Adventure,Animation",41,Dashboard Link,IMDB Link,"Set in utopian Piltover and the oppressed underground of Zaun, the story follows the origins of two iconic League champions-and the power that will tear them apart."
TVF Pitchers,India,"2,015",9.1,"64,819",-,"Comedy,Drama",40,Dashboard Link,IMDB Link,A story of trials and tribulations of four young entrepreneurs who quit their day jobs in order to pursue their start up venture.
Sherlock,United Kingdom,"2,010",9.1,"865,162",-,"Crime,Drama,Mystery",88,Dashboard Link,IMDB Link,A modern update finds the famous sleuth and his doctor partner solving crime in 21st century London.
The Last Dance,United States,"2,020",9.1,"101,775",-,"Biography,Documentary,History",491,Dashboard Link,IMDB Link,"Charting the rise of the 1990's Chicago Bulls, led by Michael Jordan, one of the most notable dynasties in sports history."
Fullmetal Alchemist: Brotherhood,Japan,"2,009",9.1,"144,861",-,"Action,Adventure,Animation",24,Dashboard Link,IMDB Link,Two brothers search for a Philosopher's Stone after an attempt to revive their deceased mother goes awry and leaves them in damaged physical forms.
Leyla and Mecnun,Turkey,"2,011",9.1,"92,256",-,"Adventure,Comedy,Drama",80,Dashboard Link,IMDB Link,"Turkish television comedy series set in Istanbul, Leyla and Mecnun is a surreal and absurd comedy that revolves around the fictional love story between Leyla and Mecnun."
Attack on Titan,Japan,"2,013",9,"264,552",-,"Action,Adventure,Animation",24,Dashboard Link,IMDB Link,"After his hometown is destroyed and his mother is killed, young Eren Yeager vows to cleanse the earth of the giant humanoid Titans that have brought humanity to the brink of extinction."
Hunter x Hunter,Japan,"2,011",9,"77,301",-,"Action,Adventure,Animation",24,Dashboard Link,IMDB Link,"Gon Freecss aspires to become a Hunter, an exceptional being capable of greatness. With his friends and his potential, he seeks for his father who left him when he was younger."
Death Note,Japan,"2,006",9,"279,925",-,"Animation,Crime,Drama",24,Dashboard Link,IMDB Link,An intelligent high school student goes on a secret crusade to eliminate criminals from the world after discovering a notebook capable of killing anyone whose name is written into it.
Firefly,United States,"2,002",9,"254,398",-,"Adventure,Drama,Sci-Fi",44,Dashboard Link,IMDB Link,"Five hundred years in the future, a renegade crew aboard a small spacecraft tries to survive as they travel the unknown parts of the galaxy and evade warring factions as well as authority agents out to get them."
Fargo,United States,"2,014",8.9,"352,235",-,"Crime,Drama,Thriller",53,Dashboard Link,IMDB Link,"Various chronicles of deception, intrigue and murder in and around frozen Minnesota. Yet all of these tales mysteriously lead back one way or another to Fargo, North Dakota."
The Office,United States,"2,005",8.9,"495,656",-,Comedy,22,Dashboard Link,IMDB Link,"A mockumentary on a group of typical office workers, where the workday consists of ego clashes, inappropriate behavior, and tedium."
Gravity Falls,United States,"2,012",8.9,"89,550",-,"Action,Adventure,Animation",23,Dashboard Link,IMDB Link,"Twin siblings Dipper and Mabel Pines spend the summer at their great-uncle's tourist trap in the enigmatic Gravity Falls, Oregon."
True Detective,United States,"2,014",8.9,"530,653",-,"Crime,Drama,Mystery",55,Dashboard Link,IMDB Link,"Seasonal anthology series in which police investigations unearth the personal and professional secrets of those involved, both within and outside the law."
When They See Us,United States,"2,019",8.9,"108,716",-,"Biography,Crime,Drama",296,Dashboard Link,IMDB Link,Five teens from Harlem become trapped in a nightmare when they're falsely accused of a brutal attack in Central Park. Based on the true story.
Succession,United States,"2,018",8.8,"95,577",-,Drama,60,Dashboard Link,IMDB Link,"The Roy family is known for controlling the biggest media and entertainment company in the world. However, their world changes when their father steps down from the company."
Better Call Saul,United States,"2,015",8.8,"368,665",-,"Crime,Drama",46,Dashboard Link,IMDB Link,"The trials and tribulations of criminal lawyer Jimmy McGill in the time before he established his strip-mall law office in Albuquerque, New Mexico."
Dark,Germany,"2,017",8.8,"334,718",-,"Crime,Drama,Mystery",60,Dashboard Link,IMDB Link,"A family saga with a supernatural twist, set in a German town, where the disappearance of two young children exposes the relationships among four families."
One Punch Man,Japan,"2,015",8.8,"137,956",-,"Action,Animation,Comedy",24,Dashboard Link,IMDB Link,"The story of Saitama, a hero that does it just for fun & can defeat his enemies with a single punch."
Narcos,United States,"2,015",8.8,"391,055",-,"Biography,Crime,Drama",49,Dashboard Link,IMDB Link,"A chronicled look at the criminal exploits of Colombian drug lord Pablo Escobar, as well as the many other drug kingpins who plagued the country through the years."
The Family Man,India,"2,019",8.8,"78,522",-,"Action,Comedy,Drama",45,Dashboard Link,IMDB Link,"A working man from the National Investigation Agency tries to protect the nation from terrorism, but he also needs to keep his family safe from his secret job."
It's Always Sunny in Philadelphia,United States,"2,005",8.8,"207,112",-,Comedy,22,Dashboard Link,IMDB Link,Five friends with big egos and small brains are the proprietors of an Irish pub in Philadelphia.
The Mandalorian,United States,"2,019",8.8,"377,632",-,"Action,Adventure,Fantasy",40,Dashboard Link,IMDB Link,"The travels of a lone bounty hunter in the outer reaches of the galaxy, far from the authority of the New Republic."
Ted Lasso,United States,"2,020",8.8,"146,682",-,"Comedy,Drama,Sport",30,Dashboard Link,IMDB Link,Follows US American Football coach Ted Lasso heading to the UK to manage a struggling London football team in the top flight of English football.
Last Week Tonight with John Oliver,United States,"2,014",8.8,"84,433",-,"Comedy,History,News",30,Dashboard Link,IMDB Link,Former Daily Show host and correspondent John Oliver brings his persona to this weekly news satire program.
Peaky Blinders,United Kingdom,"2,013",8.8,"433,746",-,"Crime,Drama",60,Dashboard Link,IMDB Link,"A gangster family epic set in 1900s England, centering on a gang who sew razor blades in the peaks of their caps, and their fierce boss Tommy Shelby."
Steins;Gate,Japan,"2,011",8.8,"53,908",-,"Animation,Comedy,Drama",24,Dashboard Link,IMDB Link,"After discovering time travel, a university student and his colleagues must use their knowledge of it to stop an evil organization and their diabolical plans."
Black Mirror,United Kingdom,"2,011",8.8,"493,307",-,"Drama,Sci-Fi,Thriller",60,Dashboard Link,IMDB Link,"An anthology series exploring a twisted, high-tech multiverse where humanity's greatest innovations and darkest instincts collide."
Chappelle's Show,United States,"2,003",8.7,"60,118",-,"Comedy,Music",22,Dashboard Link,IMDB Link,Comedian Dave Chappelle hosts this sketch-comedy show that parodies many of the nuances of race and culture.
Arrested Development,United States,"2,003",8.7,"291,043",-,Comedy,22,Dashboard Link,IMDB Link,"Level-headed son Michael Bluth takes over family affairs after his father is imprisoned. But the rest of his spoiled, dysfunctional family are making his job unbearable."
Code Geass,Japan,"2,006",8.7,"59,973",-,"Action,Animation,Drama",24,Dashboard Link,IMDB Link,"After being given a mysterious power to control others, an outcast prince becomes the masked leader of the rebellion against an all powerful empire"
Battlestar Galactica,United States,"2,004",8.7,"159,968",-,"Action,Adventure,Drama",44,Dashboard Link,IMDB Link,"When an old enemy, the Cylons, resurface and obliterate the 12 colonies, the crew of the aged Galactica protect a small civilian fleet - the last of humanity - as they journey toward the fabled 13th colony, Earth."
Line of Duty,United Kingdom,"2,012",8.7,"51,623",-,"Crime,Drama,Mystery",60,Dashboard Link,IMDB Link,"Drama series following the investigations of AC-12, a controversial police anticorruption unit."
Downton Abbey,United Kingdom,"2,010",8.7,"186,735",-,"Drama,Romance",58,Dashboard Link,IMDB Link,A chronicle of the lives of the British aristocratic Crawley family and their servants in the early twentieth century.
Yellowstone,United States,"2,018",8.7,"74,270",-,"Drama,Western",60,Dashboard Link,IMDB Link,A ranching family in Montana faces off against others encroaching on their land.
The Grand Tour,United Kingdom,"2,016",8.7,"69,624",-,"Comedy,Talk-Show",60,Dashboard Link,IMDB Link,"Follow Jeremy, Richard, and James, as they embark on an adventure across the globe, driving new and exciting automobiles from manufacturers all over the world."
Invincible,United States,"2,021",8.7,"99,472",-,"Action,Adventure,Animation",50,Dashboard Link,IMDB Link,An adult animated series based on the Skybound/Image comic about a teenager whose father is the most powerful superhero on the planet.
Fleabag,United Kingdom,"2,016",8.7,"128,403",-,"Comedy,Drama",27,Dashboard Link,IMDB Link,A comedy series adapted from the award-winning play about a young woman trying to cope with life in London whilst coming to terms with a recent tragedy.
The Marvelous Mrs. Maisel,United States,"2,017",8.7,"94,597",-,"Comedy,Drama",57,Dashboard Link,IMDB Link,A housewife in 1958 decides to become a stand-up comic.
The Boys,United States,"2,019",8.7,"330,607",-,"Action,Crime,Drama",60,Dashboard Link,IMDB Link,A group of vigilantes sets out to take down corrupt superheroes who abuse their superpowers.
BoJack Horseman,United States,"2,014",8.7,"134,176",-,"Animation,Comedy,Drama",25,Dashboard Link,IMDB Link,"BoJack Horseman was the star of the hit television show ""Horsin' Around"" in the '80s and '90s, now he's washed up, living in Hollywood, complaining about everything, and wearing colorful sweaters."
Demon Slayer: Kimetsu no Yaiba,Japan,"2,019",8.7,"60,297",-,"Action,Adventure,Animation",25,Dashboard Link,IMDB Link,"A family is attacked by demons and only two members survive - Tanjiro and his sister Nezuko, who is turning into a demon slowly. Tanjiro sets out to become a demon slayer to avenge his family and cure his sister."
Stranger Things,United States,"2,016",8.7,"943,249",-,"Drama,Fantasy,Horror",51,Dashboard Link,IMDB Link,"When a young boy disappears, his mother, a police chief and his friends must confront terrifying supernatural forces in order to get him back."
House of Cards,United States,"2,013",8.7,"485,655",-,Drama,51,Dashboard Link,IMDB Link,A Congressman works with his equally conniving wife to exact revenge on the people who betrayed him.
Six Feet Under,United States,"2,001",8.7,"128,712",-,"Comedy,Drama",60,Dashboard Link,IMDB Link,A chronicle of the lives of a dysfunctional family who run an independent funeral home in Los Angeles.
Rome,United Kingdom,"2,005",8.7,"163,446",-,"Action,Drama,History",52,Dashboard Link,IMDB Link,A down-to-earth account of the lives of both illustrious and ordinary Romans set in the last days of the Roman Republic.
House,United States,"2,004",8.7,"437,758",-,"Drama,Mystery",44,Dashboard Link,IMDB Link,An antisocial maverick doctor who specializes in diagnostic medicine does whatever it takes to solve puzzling cases that come his way using his crack team of doctors and his wits.
The Shield,United States,"2,002",8.7,"77,230",-,"Crime,Drama,Thriller",47,Dashboard Link,IMDB Link,Follows the lives and cases of a dirty Los Angeles Police Department cop and the unit under his command.
This Is Us,United States,"2,016",8.6,"121,659",-,"Comedy,Drama,Romance",45,Dashboard Link,IMDB Link,"A heartwarming and emotional story about a unique set of triplets, their struggles and their wonderful parents."
Deadwood,United States,"2,004",8.6,"101,169",-,"Crime,Drama,History",55,Dashboard Link,IMDB Link,"A show set in the late 1800s, revolving around the characters of Deadwood, South Dakota; a town of deep corruption and crime."
Dexter,United States,"2,006",8.6,"693,246",-,"Crime,Drama,Mystery",53,Dashboard Link,IMDB Link,"By day, mild-mannered Dexter is a blood-spatter analyst for the Miami police. But at night, he is a serial killer who only targets other murderers."
The Haunting of Hill House,United States,"2,018",8.6,"215,829",-,"Drama,Horror,Mystery",572,Dashboard Link,IMDB Link,"Flashing between past and present, a fractured family confronts haunting memories of their old home and the terrifying events that drove them from it."
Sacred Games,India,"2,018",8.6,"83,771",-,"Action,Crime,Drama",50,Dashboard Link,IMDB Link,"A link in their pasts leads an honest cop to a fugitive gang boss, whose cryptic warning spurs the officer on a quest to save Mumbai from cataclysm."
Mad Men,United States,"2,007",8.6,"223,885",-,Drama,47,Dashboard Link,IMDB Link,"A drama about one of New York's most prestigious ad agencies at the beginning of the 1960s, focusing on one of the firm's most mysterious but extremely talented ad executives, Donald Draper."
Peep Show,United Kingdom,"2,003",8.6,"57,013",-,Comedy,25,Dashboard Link,IMDB Link,Mark and Jez are a couple of twenty-something roommates who have nothing in common - except for the fact that their lives are anything but normal. Mayhem ensues as the pair strive to cope with day-to-day life.
Mindhunter,United States,"2,017",8.6,"252,437",-,"Crime,Drama,Thriller",60,Dashboard Link,IMDB Link,"Set in the late 1970s, two FBI agents are tasked with interviewing serial killers to solve open cases."
Atlanta,United States,"2,016",8.6,"60,039",-,"Comedy,Drama,Music",30,Dashboard Link,IMDB Link,"Based in Atlanta, Earn and his cousin Alfred try to make their way in the world through the rap scene. Along the way they come face to face with social and economic issues touching on race, relationships, poverty, status, and parenthood."
Naruto: Shippûden,Japan,"2,007",8.6,"104,541",-,"Action,Adventure,Animation",24,Dashboard Link,IMDB Link,"Naruto Uzumaki, is a loud, hyperactive, adolescent ninja who constantly searches for approval and recognition, as well as to become Hokage, who is acknowledged as the leader and strongest of all ninja in the village."
What We Do in the Shadows,United States,"2,016",8.6,"58,344",-,"Comedy,Fantasy,Horror",30,Dashboard Link,IMDB Link,"A look into the daily (or rather, nightly) lives of three vampires, who've lived together for over 100 years, on Staten Island."
Friday Night Lights,United States,"2,006",8.6,"62,136",-,"Drama,Sport",44,Dashboard Link,IMDB Link,"A drama that follows the lives of the Dillon Panthers, one of the nation's best high school football teams, and their head coach Eric Taylor."
Justified,United States,"2,010",8.6,"93,365",-,"Action,Crime,Drama",44,Dashboard Link,IMDB Link,"U.S. Marshal Raylan Givens is reassigned from Miami to his childhood home in the poor, rural coal mining towns of eastern Kentucky."
Parks and Recreation,United States,"2,009",8.6,"237,922",-,Comedy,22,Dashboard Link,IMDB Link,The absurd antics of an Indiana town's public officials as they pursue sundry projects to make their city a better place.
Daredevil,United States,"2,015",8.6,"389,853",-,"Action,Crime,Drama",54,Dashboard Link,IMDB Link,"A blind lawyer by day, vigilante by night. Matt Murdock fights the crime of New York as Daredevil."
Top Gear,United Kingdom,"2,002",8.6,"113,607",-,"Adventure,Comedy,Reality-TV",60,Dashboard Link,IMDB Link,"The hosts talk about everything car-related. From new cars to how they're fueled, this show has it all."
The Queen's Gambit,United States,"2,020",8.6,"372,905",-,Drama,395,Dashboard Link,IMDB Link,"Orphaned at the tender age of nine, prodigious introvert Beth Harmon discovers and masters the game of chess in 1960s USA. But child stardom comes at a price."
Westworld,United States,"2,016",8.6,"459,819",-,"Drama,Mystery,Sci-Fi",62,Dashboard Link,IMDB Link,"Set at the intersection of the near future and the reimagined past, explore a world in which every human appetite can be indulged without consequence."
Cobra Kai,United States,"2,018",8.6,"131,277",-,"Action,Comedy,Drama",30,Dashboard Link,IMDB Link,"Decades after their 1984 All Valley Karate Tournament bout, a middle-aged Daniel LaRusso and Johnny Lawrence find themselves martial-arts rivals again."
The Bridge,Sweden,"2,011",8.6,"64,355",-,"Crime,Mystery,Thriller",60,Dashboard Link,IMDB Link,"When a body is found on the bridge between Denmark and Sweden, right on the border, Danish inspector Martin Rohde and Swedish Saga Norén have to share jurisdiction and work together to find the killer."
The Newsroom,United States,"2,012",8.6,"110,584",-,Drama,55,Dashboard Link,IMDB Link,"A newsroom undergoes some changes in its workings and morals as a new team is brought in, bringing unexpected results for its existing news anchor."
Battlestar Galactica,United States,"2,003",8.6,"72,741",-,"Action,Adventure,Drama",183,Dashboard Link,IMDB Link,"Following the destruction of the Twelve Colonies of Kobol by the Cylons, a rag-tag fugitive fleet of the last remnants of mankind flees the pursuing Cylons while simultaneously searching for their true home: Earth."
Doctor Who,United Kingdom,"2,005",8.6,"212,598",-,"Adventure,Drama,Mystery",45,Dashboard Link,IMDB Link,The further adventures in time and space of the alien adventurer known as the Doctor and their companions from planet Earth.
Archer,United States,"2,009",8.6,"147,015",-,"Action,Animation,Comedy",22,Dashboard Link,IMDB Link,Covert black ops and espionage take a back seat to zany personalities and relationships between secret agents and drones.
Adventure Time,United States,"2,010",8.6,"85,928",-,"Action,Adventure,Animation",11,Dashboard Link,IMDB Link,"A 12-year-old boy and his best friend, wise 28-year-old dog with magical powers, go on a series of surreal adventures with each other in a remote future."
The Crown,United Kingdom,"2,016",8.6,"181,361",-,"Biography,Drama,History",58,Dashboard Link,IMDB Link,Follows the political rivalries and romance of Queen Elizabeth II's reign and the events that shaped the second half of the twentieth century.
Normal People,Ireland,"2,020",8.5,"52,913",-,"Drama,Romance",339,Dashboard Link,IMDB Link,"Follows Marianne and Connell, from different backgrounds but the same small town in Ireland, as they weave in and out of each other's romantic lives."
Spartacus: Gods of the Arena,United States,"2,011",8.5,"132,627",-,"Action,Adventure,Biography",331,Dashboard Link,IMDB Link,"In the time before the arrival of Spartacus, the House of Batiatus faces many challenges from competitors, and within its own household."
Silicon Valley,United States,"2,014",8.5,"138,360",-,Comedy,28,Dashboard Link,IMDB Link,"Follows the struggle of Richard Hendricks, a Silicon Valley engineer trying to build his own company called Pied Piper."
Sons of Anarchy,United States,"2,008",8.5,"279,762",-,"Crime,Drama,Thriller",45,Dashboard Link,IMDB Link,A biker struggles to balance being a father and being involved in an outlaw motorcycle club.
Community,United States,"2,009",8.5,"242,207",-,Comedy,22,Dashboard Link,IMDB Link,A suspended lawyer is forced to enroll in a community college with an eccentric staff and student body.
Fullmetal Alchemist,Japan,"2,003",8.5,"67,029",-,"Action,Adventure,Animation",24,Dashboard Link,IMDB Link,"When a failed alchemical ritual leaves brothers Edward and Alphonse Elric with severely damaged bodies, they begin searching for the one thing that can save them; the fabled philosopher's stone."
Flight of the Conchords,United States,"2,007",8.5,"58,175",-,"Comedy,Music,Musical",28,Dashboard Link,IMDB Link,"Bret and Jemaine are Flight of the Conchords, a folk-rock band from New Zealand living in New York City in search of stardom."
Twin Peaks,United States,"2,017",8.5,"63,255",-,"Crime,Drama,Horror",60,Dashboard Link,IMDB Link,Picks up 25 years after the inhabitants of a quaint northwestern town are stunned when their homecoming queen is murdered.
Hannibal,United States,"2,013",8.5,"242,108",-,"Crime,Drama,Horror",44,Dashboard Link,IMDB Link,"Explores the early relationship between renowned psychiatrist, Hannibal Lecter, and his patient, a young FBI criminal profiler, who is haunted by his ability to empathize with serial killers."
The Office,United Kingdom,"2,001",8.5,"105,974",-,"Comedy,Drama",30,Dashboard Link,IMDB Link,The story of an office that faces closure when the company decides to downsize its branches. A documentary film crew follow staff and the manager David Brent as they continue their daily lives.
Spartacus,United States,"2,010",8.5,"232,913",-,"Action,Adventure,Biography",55,Dashboard Link,IMDB Link,"The life of Spartacus, the gladiator who lead a rebellion against the Romans. From his time as an ally of the Romans, to his betrayal and becoming a gladiator, to the rebellion he leads and its ultimate outcome."
The Night Of,United States,"2,016",8.5,"137,694",-,"Crime,Drama,Mystery",525,Dashboard Link,IMDB Link,"After a night of partying with a woman he picked up, a man wakes up to find her stabbed to death and is charged with her murder."
Louie,United States,"2,010",8.5,"76,947",-,"Comedy,Drama",22,Dashboard Link,IMDB Link,"The life of Louie C.K., a divorced comedian living in New York with two kids."
Big Little Lies,United States,"2,017",8.5,"179,060",-,"Crime,Drama,Mystery",60,Dashboard Link,IMDB Link,"The apparently perfect lives of upper-class mothers, at a prestigious elementary school, unravel to the point of murder when a single-mother moves to their quaint Californian beach town."
Shameless,United States,"2,011",8.5,"222,502",-,"Comedy,Drama",46,Dashboard Link,IMDB Link,"A scrappy, feisty, fiercely loyal Chicago family makes no apologies."
Boardwalk Empire,United States,"2,010",8.5,"181,137",-,"Crime,Drama,History",55,Dashboard Link,IMDB Link,An Atlantic City politician plays both sides of the law by conspiring with gangsters during the Prohibition era.
Mare of Easttown,United States,"2,021",8.5,"121,572",-,"Crime,Drama,Mystery",60,Dashboard Link,IMDB Link,A detective in a small Pennsylvania town investigates a local murder while trying to keep her life from falling apart.
The Punisher,United States,"2,017",8.5,"205,936",-,"Action,Crime,Drama",53,Dashboard Link,IMDB Link,"After the murder of his family, Marine veteran Frank Castle becomes the vigilante known as ""The Punisher,"" with only one goal in mind: to avenge them."
"Love, Death & Robots",United States,"2,019",8.5,"128,263",-,"Action,Adventure,Animation",15,Dashboard Link,IMDB Link,"A collection of animated short stories that span various genres including science fiction, fantasy, horror and comedy."
Vikings,Ireland,"2,013",8.5,"482,151",-,"Action,Adventure,Drama",44,Dashboard Link,IMDB Link,"Vikings transports us to the brutal and mysterious world of Ragnar Lothbrok, a Viking warrior and farmer who yearns to explore - and raid - the distant shores across the ocean."
The IT Crowd,United Kingdom,"2,006",8.5,"143,342",-,Comedy,25,Dashboard Link,IMDB Link,"The comedic misadventures of Roy, Moss and their grifting supervisor Jen, a rag-tag team of IT support workers at a large corporation headed by a hotheaded yuppie."
Schitt's Creek,Canada,"2,015",8.5,"103,175",-,Comedy,22,Dashboard Link,IMDB Link,"When rich video-store magnate Johnny Rose and his family suddenly find themselves broke, they are forced to leave their pampered lives to regroup in Schitt's Creek."
Mirzapur,India,"2,018",8.5,"65,098",-,"Action,Crime,Drama",60,Dashboard Link,IMDB Link,A shocking incident at a wedding procession ignites a series of events entangling the lives of two families in the lawless city of Mirzapur.
Making a Murderer,United States,"2,015",8.5,"91,337",-,"Crime,Documentary",60,Dashboard Link,IMDB Link,"Filmed over a 10-year period, Steven Avery, a DNA exoneree who, while in the midst of exposing corruption in local law enforcement, finds himself the prime suspect in a grisly new crime."
Paranormal,Egypt,"2,020",8.5,"70,740",-,"Drama,Fantasy,Horror",45,Dashboard Link,IMDB Link,"Set in the 1960s, the series, packed with mystery and suspense, depicts the adventures of PARANORMAL leading character Dr. Refaat Ismail, a single hematologist who finds himself faced with a series of supernatural events."
The Expanse,Canada,"2,015",8.5,"130,044",-,"Drama,Mystery,Sci-Fi",60,Dashboard Link,IMDB Link,"In the 24th century, a disparate band of antiheroes unravel a vast conspiracy that threatens the Solar System's fragile state of cold war."
Generation Kill,United States,"2,008",8.5,"50,944",-,"Drama,War",70,Dashboard Link,IMDB Link,"A Rolling Stone reporter, embedded with The 1st Recon Marines chronicles his experiences during the first wave of the American-led assault on Baghdad in 2003."
Mr. Robot,United States,"2,015",8.5,"361,900",-,"Crime,Drama,Thriller",49,Dashboard Link,IMDB Link,"Elliot, a brilliant but highly unstable young cyber-security engineer and vigilante hacker, becomes a key figure in a complex game of global dominance when he and his shadowy allies try to take down the corrupt corporation he works for."
Fringe,United States,"2,008",8.4,"230,499",-,"Drama,Mystery,Sci-Fi",46,Dashboard Link,IMDB Link,An F.B.I. agent is forced to work with an institutionalized scientist and his son in order to rationalize a brewing storm of unexplained phenomena.
Billions,United States,"2,016",8.4,"83,970",-,Drama,60,Dashboard Link,IMDB Link,"U.S. Attorney Chuck Rhoades goes after hedge fund king Bobby ""Axe"" Axelrod in a battle between two powerful New York figures."
American Crime Story,United States,"2,016",8.4,"91,495",-,"Biography,Crime,Drama",42,Dashboard Link,IMDB Link,An anthology series centered around America's most notorious crimes and criminals.
Brooklyn Nine-Nine,United States,"2,013",8.4,"275,677",-,"Comedy,Crime",22,Dashboard Link,IMDB Link,"""Brooklyn Nine-Nine"" follows the exploits of hilarious Det. Jake Peralta and his diverse, lovable colleagues as they police the NYPD's 99th Precinct."
Narcos: Mexico,Mexico,"2,018",8.4,"76,565",-,"Crime,Drama",50,Dashboard Link,IMDB Link,The rise of the Guadalajara Cartel as an American DEA agent learns the danger of targeting narcos in Mexico.
Outlander,United States,"2,014",8.4,"142,067",-,"Drama,Fantasy,Romance",60,Dashboard Link,IMDB Link,An English combat nurse from 1945 is mysteriously swept back in time to 1743.
Broadchurch,United Kingdom,"2,013",8.4,"105,315",-,"Crime,Drama,Mystery",48,Dashboard Link,IMDB Link,"The murder of a young boy in a small coastal town brings a media frenzy, which threatens to tear the community apart."
Ash vs Evil Dead,United States,"2,015",8.4,"69,319",-,"Action,Comedy,Horror",30,Dashboard Link,IMDB Link,"Ash has spent the last thirty years avoiding responsibility, maturity, and the terrors of the Evil Dead until a Deadite plague threatens to destroy all of mankind and Ash becomes mankind's only hope."
The Inbetweeners,United Kingdom,"2,008",8.4,"84,280",-,Comedy,25,Dashboard Link,IMDB Link,Follows four friends and their antics during their final years of school.
Bosch,United States,"2,014",8.4,"60,540",-,"Crime,Drama",51,Dashboard Link,IMDB Link,An L.A.P.D. homicide detective works to solve the murder of a thirteen-year-old boy while standing trial in federal court for the murder of a serial killer.
Ozark,United States,"2,017",8.4,"221,682",-,"Crime,Drama,Thriller",60,Dashboard Link,IMDB Link,"A financial advisor drags his family from Chicago to the Missouri Ozarks, where he must launder money to appease a drug boss."
Euphoria,United States,"2,019",8.4,"84,859",-,Drama,55,Dashboard Link,IMDB Link,"A look at life for a group of high school students as they grapple with issues of drugs, sex and violence."
The Last Kingdom,United Kingdom,"2,015",8.4,"101,777",-,"Action,Drama,History",60,Dashboard Link,IMDB Link,"As Alfred the Great defends his kingdom from Norse invaders, Uhtred - born a Saxon but raised by Vikings - seeks to claim his ancestral birthright."
My Hero Academia,Japan,"2,016",8.4,"50,600",-,"Action,Adventure,Animation",24,Dashboard Link,IMDB Link,A superhero-loving boy without any powers is determined to enroll in a prestigious hero academy and learn what it really means to be a hero.
Unbelievable,United States,"2,019",8.4,"88,716",-,"Crime,Drama",385,Dashboard Link,IMDB Link,"Based on the true story of Marie, a teenager who was charged with lying about having been raped, and the two female detectives who followed the path to the truth."
Entourage,United States,"2,004",8.4,"164,068",-,"Comedy,Drama",28,Dashboard Link,IMDB Link,Film star Vince Chase navigates the vapid terrain of Los Angeles with a close circle of friends and his trusty agent.
After Life,United Kingdom,"2,019",8.4,"97,030",-,"Comedy,Drama",30,Dashboard Link,IMDB Link,"After Tony's wife dies unexpectedly, his nice-guy persona is altered into an impulsive, devil-may-care attitude; taking his old world by storm."
Modern Family,United States,"2,009",8.4,"395,580",-,"Comedy,Drama,Romance",22,Dashboard Link,IMDB Link,Three different but related families face trials and tribulations in their own uniquely comedic ways.
Taboo,United Kingdom,"2,017",8.4,"123,059",-,"Drama,Mystery,Thriller",59,Dashboard Link,IMDB Link,"Adventurer James Keziah Delaney returns to London during the War of 1812 to rebuild his late father's shipping empire. However, both the government and his biggest competitor want his inheritance at any cost - even murder."
Luther,United Kingdom,"2,010",8.4,"129,892",-,"Crime,Drama,Mystery",60,Dashboard Link,IMDB Link,DCI John Luther is a near-genius murder detective whose brilliant mind can't always save him from the dangerous violence of his passions.
The Americans,United States,"2,013",8.4,"92,637",-,"Crime,Drama,Mystery",44,Dashboard Link,IMDB Link,"At the height of the Cold War two Russian agents pose as your average American couple, complete with family."
The Legend of Korra,United States,"2,012",8.4,"113,865",-,"Action,Adventure,Animation",23,Dashboard Link,IMDB Link,Avatar Korra fights to keep Republic City safe from the evil forces of both the physical and spiritual worlds.
Banshee,United States,"2,013",8.4,"94,981",-,"Action,Crime,Drama",60,Dashboard Link,IMDB Link,"An ex-con assumes the identity of a murdered sheriff in the small town of Banshee, Pennsylvania; where he has some unfinished business."
Maid,United States,"2,021",8.4,"58,842",-,Drama,545,Dashboard Link,IMDB Link,"After fleeing an abusive relationship, a young mother finds a job cleaning houses as she fights to provide for her child and build them a better future."
Person of Interest,United States,"2,011",8.4,"170,078",-,"Action,Crime,Drama",43,Dashboard Link,IMDB Link,"An ex-CIA agent and a wealthy programmer save lives via a surveillance AI that sends them the identities of civilians involved in impending crimes. However, the details of the crimes, including the civilians' roles, are left a mystery."
Suits,United States,"2,011",8.4,"385,540",-,"Comedy,Drama",44,Dashboard Link,IMDB Link,"On the run from a drug deal gone bad, brilliant college dropout Mike Ross, finds himself working with Harvey Specter, one of New York City's best lawyers."
The Handmaid's Tale,United States,"2,017",8.4,"208,666",-,"Drama,Sci-Fi,Thriller",60,Dashboard Link,IMDB Link,"Set in a dystopian future, a woman is forced to live as a concubine under a fundamentalist theocratic dictatorship."
Supernatural,United States,"2,005",8.4,"416,510",-,"Drama,Fantasy,Horror",44,Dashboard Link,IMDB Link,"Two brothers follow their father's footsteps as hunters, fighting evil supernatural beings of many kinds, including monsters, demons and gods that roam the earth."
Prison Break,United Kingdom,"2,005",8.3,"505,175",-,"Action,Crime,Drama",44,Dashboard Link,IMDB Link,"Due to a political conspiracy, an innocent man is sent to death row and his only hope is his brother, who makes it his mission to deliberately get himself sent to the same prison in order to break the both of them out, from the inside."
Californication,United States,"2,007",8.3,"176,489",-,"Comedy,Drama",28,Dashboard Link,IMDB Link,"A writer tries to juggle his career, his relationship with his daughter and his ex-girlfriend, as well as his appetite for beautiful women."
Loki,United States,"2,021",8.3,"240,014",-,"Action,Adventure,Fantasy",-,Dashboard Link,IMDB Link,The mercurial villain Loki resumes his role as the God of Mischief in a new series that takes place after the events of “Avengers: Endgame.”
Psych,United States,"2,006",8.3,"92,081",-,"Comedy,Crime,Mystery",44,Dashboard Link,IMDB Link,"A novice sleuth is hired by the Police after he cons them into thinking he has psychic powers which help solve crimes. With the assistance of his reluctant best friend, the duo take on a series of complicated cases."
Ray Donovan,United States,"2,013",8.3,"82,024",-,"Crime,Drama",60,Dashboard Link,IMDB Link,"Ray Donovan, a professional ""fixer"" for the rich and famous in Los Angeles, can make anyone's problems disappear except those created by his own family."
MythBusters,United States,"2,003",8.3,"51,613",-,"Documentary,Mystery,Reality-TV",44,Dashboard Link,IMDB Link,A weekly documentary in which two Hollywood special effects experts attempt to debunk urban legends by directly testing them.
Lost,United States,"2,004",8.3,"525,652",-,"Adventure,Drama,Fantasy",44,Dashboard Link,IMDB Link,The survivors of a plane crash are forced to work together in order to survive on a seemingly deserted tropical island.
The Morning Show,United States,"2,019",8.3,"85,601",-,Drama,60,Dashboard Link,IMDB Link,"An inside look at the lives of the people who help America wake up in the morning, exploring the unique challenges faced by the men and women who carry out this daily televised ritual."
Pushing Daisies,United States,"2,007",8.3,"55,669",-,"Comedy,Drama,Fantasy",44,Dashboard Link,IMDB Link,"A pie-maker, with the power to bring dead people back to life, solves murder mysteries with his alive-again childhood sweetheart, a cynical private investigator, and a lovesick waitress."
Barry,United States,"2,018",8.3,"56,358",-,"Action,Comedy,Crime",30,Dashboard Link,IMDB Link,A hit man from the Midwest moves to Los Angeles and gets caught up in the city's theatre arts scene.
Sex Education,United Kingdom,"2,019",8.3,"240,262",-,"Comedy,Drama",45,Dashboard Link,IMDB Link,A teenage boy with a sex therapist mother teams up with a high school classmate to set up an underground sex therapy clinic at school.
Sense8,United States,"2,015",8.3,"147,863",-,"Drama,Mystery,Sci-Fi",60,Dashboard Link,IMDB Link,"A group of people around the world are suddenly linked mentally, and must find a way to survive being hunted by those who see them as a threat to the world's order."
Master of None,United States,"2,015",8.3,"71,668",-,"Comedy,Drama",30,Dashboard Link,IMDB Link,"The personal and professional life of Dev, a 30-year-old actor in New York."
The Pacific,United States,"2,010",8.3,"106,464",-,"Action,Adventure,Drama",530,Dashboard Link,IMDB Link,"The Pacific Theatre of World War II, as seen through the eyes of several young Marines."
Atypical,United States,"2,017",8.3,"79,386",-,"Comedy,Drama",30,Dashboard Link,IMDB Link,"Sam, an 18-year-old on the autism spectrum, decides it's time to find a girlfriend, a journey that sets Sam's mom on her own life-changing path as her son seeks more independence."
Veronica Mars,United States,"2,004",8.3,"70,325",-,"Crime,Drama,Mystery",44,Dashboard Link,IMDB Link,"After her best friend is murdered, and her father is removed as county Sheriff, Veronica Mars dedicates her life to cracking the toughest mysteries in the affluent town of Neptune."
The Leftovers,United States,"2,014",8.3,"90,052",-,"Drama,Fantasy,Mystery",60,Dashboard Link,IMDB Link,"Three years after the disappearance of two percent of the global population, a group of people in a small New York community try to continue their lives while coping with the tragedy of the unexplained nature of the event."
Castlevania,United States,"2,017",8.3,"57,441",-,"Action,Adventure,Animation",23,Dashboard Link,IMDB Link,A vampire hunter fights to save a besieged city from an army of otherworldly creatures controlled by Dracula.
24,United States,"2,001",8.3,"180,163",-,"Action,Crime,Drama",44,Dashboard Link,IMDB Link,Jack Bauer races against the clock to subvert terrorist plots and save his nation from ultimate disaster.
The Good Wife,United States,"2,009",8.3,"72,243",-,"Crime,Drama,Mystery",43,Dashboard Link,IMDB Link,"Alicia Florrick (Julianna Margulies) has been a good wife to her husband, a former state's attorney. After a very humiliating sex and corruption scandal, he is behind bars. She must now provide for her family and returns to work as a litigator in a law firm."
Homeland,United States,"2,011",8.3,"329,109",-,"Crime,Drama,Mystery",55,Dashboard Link,IMDB Link,A bipolar CIA operative becomes convinced a prisoner of war has been turned by al-Qaeda and is planning to carry out a terrorist attack on American soil.
Blue Mountain State,Canada,"2,010",8.3,"51,156",-,"Comedy,Sport",22,Dashboard Link,IMDB Link,"Three incoming freshmen attending Midwestern college football powerhouse Blue Mountain State must quickly adapt to college life and juggle football, girls, classes and nonstop hazing."
Naruto,Japan,"2,002",8.3,"86,698",-,"Action,Adventure,Animation",24,Dashboard Link,IMDB Link,"Naruto Uzumaki, a mischievous adolescent ninja, struggles as he searches for recognition and dreams of becoming the Hokage, the village's leader and strongest ninja."
Star Wars: The Clone Wars,United States,"2,008",8.3,"77,705",-,"Action,Adventure,Animation",23,Dashboard Link,IMDB Link,Jedi Knights lead the Grand Army of the Republic against the droid army of the Separatists.
Hell on Wheels,Canada,"2,011",8.3,"50,044",-,"Drama,Western",42,Dashboard Link,IMDB Link,"The Civil War is past, but former Confederate soldier Cullen Bohannon can't put it behind him. Fresh are the memories of the death of his wife, killed at the hands of the Union soldiers, an act that sets him on a course of revenge."
Scrubs,United States,"2,001",8.3,"246,782",-,"Comedy,Drama",22,Dashboard Link,IMDB Link,"In the unreal world of Sacred Heart Hospital, intern John ""J.D."" Dorian learns the ways of medicine, friendship and life."
Extras,United Kingdom,"2,005",8.3,"55,300",-,"Comedy,Drama",30,Dashboard Link,IMDB Link,"Andy Millman (Ricky Gervais) is an actor with ambition and a script. Reduced to working as an extra with a useless agent, Andy's attempts to boost his career invariably end in failure and embarrassment."
How I Met Your Mother,United States,"2,005",8.3,"643,414",-,"Comedy,Romance",22,Dashboard Link,IMDB Link,A father recounts to his children - through a series of flashbacks - the journey he and his four best friends took leading up to him meeting their mother.
Veep,United States,"2,012",8.3,"50,700",-,Comedy,28,Dashboard Link,IMDB Link,Former Senator Selina Meyer finds that being Vice President of the United States is nothing like she hoped and everything that everyone ever warned her about.
Orphan Black,Canada,"2,013",8.3,"106,710",-,"Action,Drama,Sci-Fi",44,Dashboard Link,IMDB Link,A streetwise hustler is pulled into a compelling conspiracy after witnessing the suicide of a girl who looks just like her.
Godless,United States,"2,017",8.3,"60,678",-,"Action,Drama,Western",452,Dashboard Link,IMDB Link,"In the 1880s American West murderous outlaw gang leader Frank Griffin hunts for ex-protege Roy Goode. Frank's chase leads him to La Belle, New Mexico - a town inhabited, after a mining disaster, almost entirely by women."
Forever,United States,"2,014",8.3,"55,720",-,"Crime,Drama,Fantasy",43,Dashboard Link,IMDB Link,A 200-year-old man works in the New York City Morgue trying to find a key to unlock the curse of his immortality.
Legion,United States,"2,017",8.2,"87,053",-,"Action,Drama,Sci-Fi",60,Dashboard Link,IMDB Link,"David Haller is a troubled young man diagnosed as schizophrenic, but after a strange encounter, he discovers special powers that will change his life forever."
Eastbound & Down,United States,"2,009",8.2,"54,680",-,"Comedy,Drama,Sport",28,Dashboard Link,IMDB Link,"Many years after he turned his back on his hometown, a burned-out major league ballplayer returns to teach Physical Education at his old middle school."
The Good Place,United States,"2,016",8.2,"137,805",-,"Comedy,Drama,Fantasy",22,Dashboard Link,IMDB Link,Four people and their otherworldly frienemy struggle in the afterlife to define what it means to be good.
The Walking Dead,United States,"2,010",8.2,"917,961",-,"Drama,Horror,Thriller",44,Dashboard Link,IMDB Link,Sheriff Deputy Rick Grimes wakes up from a coma to learn the world is in ruins and must lead a group of survivors to stay alive.
Chuck,United States,"2,007",8.2,"133,119",-,"Action,Comedy,Drama",43,Dashboard Link,IMDB Link,"When a twenty-something computer geek inadvertently downloads critical government secrets into his brain, the C.I.A. and the N.S.A. assign two agents to protect him and exploit such knowledge, turning his life upside down."
Black Sails,South Africa,"2,014",8.2,"99,182",-,"Adventure,Drama",56,Dashboard Link,IMDB Link,"Follows Captain Flint and his pirates twenty years prior to Robert Louis Stevenson's classic novel ""Treasure Island."""
Money Heist,Spain,"2,017",8.2,"426,094",-,"Action,Crime,Drama",70,Dashboard Link,IMDB Link,An unusual group of robbers attempt to carry out the most perfect robbery in Spanish history - stealing 2.4 billion euros from the Royal Mint of Spain.
Penny Dreadful,Ireland,"2,014",8.2,"117,491",-,"Drama,Fantasy,Horror",60,Dashboard Link,IMDB Link,"Explorer Sir Malcolm Murray, American gunslinger Ethan Chandler, scientist Victor Frankenstein and medium Vanessa Ives unite to combat supernatural threats in Victorian London."
11.22.63,United States,"2,016",8.2,"80,350",-,"Drama,Mystery,Romance",60,Dashboard Link,IMDB Link,A high school teacher travels back in time to prevent John F. Kennedy's assassination.
The Witcher,Poland,"2,019",8.2,"396,173",-,"Action,Adventure,Drama",60,Dashboard Link,IMDB Link,"Geralt of Rivia, a solitary monster hunter, struggles to find his place in a world where people often prove more wicked than beasts."
Watchmen,United States,"2,019",8.2,"107,086",-,"Crime,Drama,Mystery",527,Dashboard Link,IMDB Link,"Set in an alternate history where masked vigilantes are treated as outlaws, Watchmen embraces the nostalgia of the original groundbreaking graphic novel of the same name, while attempting to break new ground of its own."
30 Rock,United States,"2,006",8.2,"118,548",-,Comedy,22,Dashboard Link,IMDB Link,"Liz Lemon (Tina Fey), head writer of the sketch comedy show ""TGS with Tracy Jordan"", must deal with an arrogant new boss and a crazy new star, all while trying to run a successful television show without losing her mind."
The Originals,United States,"2,013",8.2,"127,403",-,"Drama,Fantasy,Horror",45,Dashboard Link,IMDB Link,A family of power-hungry thousand-year-old vampires look to take back the city that they built and dominate all those who have done them wrong.
Skins,United Kingdom,"2,007",8.2,"79,521",-,Drama,46,Dashboard Link,IMDB Link,The story of a group of British teens who are trying to grow up and find love and happiness despite questionable parenting and teachers who more want to be friends (and lovers) rather than authority figures.
Killing Eve,United States,"2,018",8.2,"100,880",-,"Action,Adventure,Drama",42,Dashboard Link,IMDB Link,"After a series of events, the lives of a security operative and an assassin become inextricably linked."
Misfits,United Kingdom,"2,009",8.2,"97,710",-,"Comedy,Drama,Fantasy",60,Dashboard Link,IMDB Link,"A group of young offenders doing community service get struck by lightning during a storm, and begin to develop superpowers."
The Killing,United States,"2,011",8.2,"105,947",-,"Crime,Drama,Mystery",45,Dashboard Link,IMDB Link,"A police investigation, the saga of a grieving family, and a Seattle mayoral campaign all interlock after the body of 17-year-old Rosie Larsen is found in the trunk of a submerged car."
White Collar,United States,"2,009",8.2,"125,808",-,"Comedy,Crime,Drama",40,Dashboard Link,IMDB Link,"A white-collar criminal agrees to help the FBI catch other white-collar criminals using his expertise as an art and securities thief, counterfeiter, and conman."
Travelers,Canada,"2,016",8.1,"52,017",-,"Drama,Mystery,Sci-Fi",45,Dashboard Link,IMDB Link,"Hundreds of years from now, surviving humans discover how to send consciousness back through time, into people of the 21st century, while attempting to change the path of humanity."
Good Omens,United Kingdom,"2,019",8.1,"69,374",-,"Comedy,Fantasy",328,Dashboard Link,IMDB Link,"A tale of the bungling of Armageddon features an angel, a demon, an eleven-year-old Antichrist, and a doom-saying witch."
Stargate: Atlantis,Canada,"2,004",8.1,"64,325",-,"Action,Adventure,Drama",44,Dashboard Link,IMDB Link,"An international team of scientists and military personnel discover a Stargate network in the Pegasus Galaxy and come face-to-face with a new, powerful enemy, The Wraith."
The Good Doctor,United States,"2,017",8.1,"83,232",-,Drama,41,Dashboard Link,IMDB Link,"Shaun Murphy, a young surgeon with autism and Savant syndrome, is recruited into the surgical unit of a prestigious hospital."
The Night Manager,United Kingdom,"2,016",8.1,"83,130",-,"Crime,Drama,Mystery",358,Dashboard Link,IMDB Link,The night manager of a Cairo hotel is recruited to infiltrate an arms dealer's inner circle.
Tom Clancy's Jack Ryan,United States,"2,018",8.1,"103,462",-,"Action,Drama,Thriller",60,Dashboard Link,IMDB Link,"An up-and-coming CIA analyst, Jack Ryan, is thrust into a dangerous field assignment as he uncovers a pattern in terrorist communication that launches him into the center of a dangerous gambit."
The Tudors,Ireland,"2,007",8.1,"72,074",-,"Drama,History,Romance",60,Dashboard Link,IMDB Link,A dramatic series about the reign and marriages of King Henry VIII.
Bob's Burgers,United States,"2,011",8.1,"73,186",-,"Animation,Comedy",22,Dashboard Link,IMDB Link,"Bob Belcher, along with his wife and 3 children, try to run their last hope of holding the family together, which is running Bob's dream restaurant."
Criminal Minds,United States,"2,005",8.1,"181,773",-,"Crime,Drama,Mystery",42,Dashboard Link,IMDB Link,"The cases of the F.B.I. Behavioral Analysis Unit (B.A.U.), an elite group of profilers who analyze the nation's most dangerous serial killers and individual heinous crimes in an effort to anticipate their next moves before they strike again."
Bodyguard,United Kingdom,"2,018",8.1,"110,255",-,"Crime,Drama,Thriller",60,Dashboard Link,IMDB Link,A contemporary thriller featuring the Royalty and Specialist Protection Branch of London's Metropolitan Police Service.
How to Get Away with Murder,United States,"2,014",8.1,"141,808",-,"Crime,Drama,Mystery",43,Dashboard Link,IMDB Link,A group of ambitious law students and their brilliant criminal defense professor become involved in a twisted murder plot that promises to change the course of their lives.
The End of the F***ing World,United Kingdom,"2,017",8.1,"168,218",-,"Adventure,Comedy,Crime",25,Dashboard Link,IMDB Link,"James is 17 and is pretty sure he is a psychopath. Alyssa, also 17, is the cool and moody new girl at school. The pair make a connection and she persuades him to embark on a road trip in search of her real father."
Sharp Objects,United States,"2,018",8.1,"87,797",-,"Crime,Drama,Mystery",421,Dashboard Link,IMDB Link,A reporter confronts the psychological demons from her past when she returns to her hometown to cover a violent murder.
Lucifer,United States,"2,016",8.1,"298,254",-,"Crime,Drama,Fantasy",42,Dashboard Link,IMDB Link,Lucifer Morningstar has decided he's had enough of being the dutiful servant in Hell and decides to spend some time on Earth to better understand humanity. He settles in Los Angeles - the City of Angels.
The Mentalist,United States,"2,008",8.1,"174,283",-,"Crime,Drama,Mystery",43,Dashboard Link,IMDB Link,"A famous ""psychic"" outs himself as a fake, and starts working as a consultant for the California Bureau of Investigation so he can find ""Red John"", the madman who killed his wife and daughter."
Castle,United States,"2,009",8.1,"152,463",-,"Comedy,Crime,Drama",43,Dashboard Link,IMDB Link,"After a serial killer imitates the plots of his novels, successful mystery novelist Richard ""Rick"" Castle receives permission from the Mayor of New York City to tag along with an NYPD homicide investigation team for research purposes."
Bates Motel,United States,"2,013",8.1,"103,226",-,"Drama,Horror,Mystery",45,Dashboard Link,IMDB Link,"A contemporary prequel to Psycho, giving a portrayal of how Norman Bates' psyche unravels through his teenage years, and how deeply intricate his relationship with his mother, Norma, truly is."
The Fall,United Kingdom,"2,013",8.1,"96,301",-,"Crime,Drama,Thriller",60,Dashboard Link,IMDB Link,A seemingly cold but very passionate policewoman goes head to head with a seemingly passionate father who is in fact a cold serial killer in this procedural out of Belfast. The only thing they share is their common complexity.
Manhunt,United States,"2,017",8.1,"55,781",-,"Biography,Crime,Drama",60,Dashboard Link,IMDB Link,"An in-depth look at how an FBI profiler helped track down the terrorist Ted Kaczynski, the Unabomber."
The Big Bang Theory,United States,"2,007",8.1,"763,022",-,"Comedy,Romance",22,Dashboard Link,IMDB Link,A woman who moves into an apartment across the hall from two brilliant but socially awkward physicists shows them how little they know about life outside of the laboratory.
